,draft_Player,draft_Draft_Yr,draft_Games,draft_Minutes.Played,draft_PTS,draft_Pk,draft_attend_college,Roster (Actual),Roster (Pred),Did not play (PP),Played (PP)
0,Speedy Claxton,2000,334,8548,3096,20,1,0,1,0.07517426037807184,0.9248257396219282
1,Mark Karcher,2000,0,0,0,48,1,0,0,0.5736029597088619,0.4263970402911382
2,Stromile Swift,2000,547,10804,4582,2,1,1,1,0.0015880766407370128,0.998411923359263
3,Jamaal Magloire,2000,680,14621,4917,19,1,1,1,0.0047746785613717035,0.9952253214386283
4,Erick Barkley,2000,27,266,77,28,1,1,1,0.2722165622355488,0.7277834377644512
5,Jake Tsakalidis,2000,315,5005,1497,25,0,1,1,0.10728461047381554,0.8927153895261845
6,Joel Przybilla,2000,592,11733,2293,9,1,1,1,0.008562472914696806,0.9914375270853032
7,Eduardo Najera,2000,619,11213,3052,38,1,1,1,0.008532195386697472,0.9914678046133025
8,Mamadou N'Diaye,2000,69,858,262,26,1,1,1,0.18183916910624232,0.8181608308937577
9,Dan McClintock,2000,6,58,18,53,1,1,0,0.6123018409926267,0.38769815900737326
10,Etan Thomas,2000,409,7084,2341,12,1,0,1,0.00748691415581948,0.9925130858441805
11,Dan Langhi,2000,133,1253,393,31,1,1,1,0.09893811087688387,0.9010618891231161
12,Pete Mickeal,2000,0,0,0,58,1,0,0,0.683328258187254,0.3166717418127461
13,Primoz Brezec,2000,342,6192,2452,27,0,0,1,0.09842550773157643,0.9015744922684236
14,Jaquay Walls,2000,0,0,0,56,1,0,0,0.6625326356412262,0.33746736435877384
15,Darius Miles,2000,446,11730,4507,3,0,1,1,0.09082967157538535,0.9091703284246146
16,Quentin Richardson,2000,783,20785,8032,18,1,1,1,0.010753684668456942,0.9892463153315431
17,Marko Jaric,2000,447,11246,3193,30,0,0,1,0.3598371194523555,0.6401628805476445
18,Michael Redd,2000,629,20104,11972,43,1,1,1,0.026820866437436974,0.973179133562563
19,Jason Collier,2000,151,2178,841,15,1,1,1,0.053708484831880954,0.946291515168119
20,Jason Hart,2000,341,5289,1623,49,1,1,1,0.05611914749077307,0.9438808525092269
21,Chris Porter,2000,51,1147,440,55,1,1,0,0.5745632776225937,0.4254367223774062
22,Hedo Turkoglu,2000,997,26695,11022,16,0,1,1,0.01243323822003084,0.9875667617799692
23,Jabari Smith,2000,108,1063,329,45,1,1,1,0.23166300567952514,0.7683369943204749
24,Morris Peterson,2000,711,19366,7628,21,1,1,1,0.019764708542487353,0.9802352914575126
25,DeeAndre Hulett,2000,0,0,0,46,1,0,0,0.5503433078247979,0.4496566921752021
26,Chris Carrawell,2000,0,0,0,41,1,0,0,0.49144741828229344,0.5085525817177066
27,Cory Hightower,2000,0,0,0,54,1,0,0,0.641088664370699,0.358911335629301
28,Marcus Fizer,2000,289,6032,2782,4,1,1,1,0.015096512532596584,0.9849034874674034
29,Chris Mihm,2000,436,8758,3262,7,1,1,1,0.007255082179536632,0.9927449178204634
30,Dalibor Bagaric,2000,95,973,251,24,0,1,1,0.38434946664970815,0.6156505333502919
31,A.J. Guyton,2000,80,1246,442,32,1,1,1,0.22486183161425566,0.7751381683857443
32,Jake Voskuhl,2000,450,6443,1814,33,1,1,1,0.0082243876502337,0.9917756123497663
33,Khalid El-Amin,2000,50,936,314,34,1,1,1,0.31976203530928726,0.6802379646907127
34,Mark Madsen,2000,453,5335,975,29,1,1,1,0.00473297410392326,0.9952670258960767
35,Jamal Crawford,2000,1100,33967,17076,8,1,1,1,0.0016221337055950524,0.998377866294405
36,Mateen Cleaves,2000,167,1863,609,14,1,1,1,0.035591593553321865,0.9644084064466781
37,Brian Cardinal,2000,456,6477,2108,44,1,1,1,0.010524690954634042,0.989475309045366
38,Mike Miller,2000,1012,27661,10945,5,1,1,1,0.0027862934920501736,0.9972137065079498
39,Keyon Dooling,2000,728,14134,5067,10,1,1,1,0.0008206069868196275,0.9991793930131804
40,Courtney Alexander,2000,187,4067,1690,13,1,1,1,0.06231727504409268,0.9376827249559073
41,Igor Rakocevic,2000,42,244,78,51,0,0,0,0.7887641731342258,0.21123582686577422
42,DeShawn Stevenson,2000,824,18396,5930,23,0,1,1,0.01777682281641213,0.9822231771835879
43,Kaniel Dickens,2000,19,85,22,50,1,0,0,0.5243961584559069,0.4756038415440931
44,Mike Smith,2000,17,180,51,35,1,1,1,0.37271031934928645,0.6272896806507136
45,DerMarr Johnson,2000,344,5930,2121,6,1,1,1,0.008696880748673252,0.9913031192513267
46,Hanno Mottola,2000,155,2360,715,40,1,1,1,0.17653855478660752,0.8234614452133925
47,Scoonie Penn,2000,0,0,0,57,1,0,0,0.6730154407504421,0.326984559249558
48,Eddie House,2000,717,12405,5356,37,1,1,1,0.0007921802759305319,0.9992078197240695
49,Ernest Brown,2000,3,21,3,52,1,0,0,0.609537726166736,0.39046227383326404
50,Jerome Moiso,2000,145,1392,386,11,1,1,1,0.03694448616091495,0.963055513839085
51,Kenyon Martin,2000,757,23134,9325,1,1,1,1,0.020234040746838544,0.9797659592531615
52,Soumaila Samake,2000,47,303,68,36,0,1,0,0.6386832749450431,0.361316725054957
53,Donnell Harvey,2000,205,3318,1150,22,1,1,1,0.05514906274368725,0.9448509372563128
54,Lavor Postell,2000,61,446,195,39,1,1,1,0.2654966933293158,0.7345033066706842
55,Desmond Mason,2000,643,19641,7767,17,1,1,1,0.06076579280676353,0.9392342071932365
56,Olumide Oyedeji,2000,93,587,127,42,0,1,0,0.5496128031813701,0.4503871968186299
57,Josip Sesar,2000,0,0,0,47,0,0,0,0.8523116201297547,0.14768837987024525
58,Samuel Dalembert,2001,886,21646,6814,26,1,1,1,0.01023460265876619,0.9897653973412338
59,Damone Brown,2001,39,351,108,36,1,1,1,0.3148331256734743,0.6851668743265257
60,Alvin Jones,2001,23,126,26,56,1,1,0,0.5835919744929402,0.4164080255070598
61,Shane Battier,2001,977,30004,8408,6,1,1,1,0.1444882006756124,0.8555117993243876
62,Jamaal Tinsley,2001,547,14443,4652,27,1,1,1,0.07467752044528275,0.9253224795547172
63,Will Solomon,2001,115,1584,584,32,1,1,1,0.15395839674146972,0.8460416032585303
64,Antonis Fotsis,2001,28,320,108,47,0,1,0,0.8055571716713622,0.1944428283286378
65,Kirk Haston,2001,27,134,32,16,1,1,1,0.16480952926081782,0.8351904707391822
66,Zach Randolph,2001,984,31322,16693,19,1,1,1,0.0037501829919105445,0.9962498170080895
67,Ruben Boumtje-Boumtje,2001,44,276,43,49,1,1,1,0.4329356097260487,0.5670643902739513
68,Alton Ford,2001,73,524,186,50,1,1,1,0.34303142662120356,0.6569685733787964
69,Richard Jefferson,2001,1082,32516,14426,13,1,1,1,0.005084242196167765,0.9949157578038322
70,Jason Collins,2001,735,14974,2621,18,1,1,1,0.009524897612132488,0.9904751023878675
71,Brandon Armstrong,2001,108,699,239,23,1,1,1,0.07870771429305379,0.9212922857069462
72,Joe Johnson,2001,1143,41186,19318,10,1,1,1,0.047100324555427675,0.9528996754445723
73,Kedrick Brown,2001,143,1935,509,11,1,1,1,0.052809600137398216,0.9471903998626018
74,Joseph Forte,2001,25,125,30,21,1,1,1,0.20489856181882982,0.7951014381811702
75,Ousmane Cisse,2001,0,0,0,46,0,0,0,0.84626385234009,0.1537361476599099
76,Kyle Hill,2001,0,0,0,43,1,0,0,0.5150691747959109,0.48493082520408914
77,Kenny Satterfield,2001,75,1062,321,53,1,1,1,0.4456644443456639,0.5543355556543361
78,Jamison Brewer,2001,54,468,89,40,1,1,1,0.31892503422126617,0.6810749657787338
79,Tyson Chandler,2001,986,28074,8605,2,0,1,1,0.09682482141681714,0.9031751785831829
80,Andre Hutson,2001,0,0,0,51,1,0,0,0.6078609007802331,0.3921390992197669
81,Gilbert Arenas,2001,552,19351,11402,30,1,1,1,0.04643591431506788,0.9535640856849321
82,Jason Richardson,2001,857,29241,14644,5,1,1,1,0.01440900906029463,0.9855909909397054
83,Troy Murphy,2001,729,19921,7860,14,1,1,1,0.013600230044719663,0.9863997699552803
84,Gerald Wallace,2001,832,24731,9933,25,1,1,1,0.036602818089257694,0.9633971819107423
85,Maurice Jeffers,2001,0,0,0,54,1,0,0,0.641088664370699,0.358911335629301
86,Michael Bradley,2001,173,2016,483,17,1,1,1,0.04442559312588534,0.9555744068741147
87,Tony Parker,2001,1080,34618,17884,28,0,1,1,0.02585554739366891,0.9741444526063311
88,Robertas Javtokas,2001,0,0,0,55,0,0,0,0.8938687286711596,0.10613127132884036
89,Bryan Bracey,2001,0,0,0,57,1,0,0,0.6730154407504421,0.326984559249558
90,Eddy Curry,2001,527,13109,6820,4,0,1,1,0.01555393084020762,0.9844460691597924
91,Trenton Hassell,2001,644,16278,3741,29,1,1,1,0.10052938271496459,0.8994706172850354
92,Sean Lampley,2001,45,550,203,44,1,0,1,0.39733316155084786,0.6026668384491521
93,DeSagana Diop,2001,601,8403,1185,8,0,1,1,0.004952716009583913,0.9950472839904161
94,Brendan Haywood,2001,816,18680,5538,20,1,1,1,0.006409315276829752,0.9935906847231702
95,Jeff Trepagnier,2001,31,270,88,35,1,1,1,0.3253867252576006,0.6746132747423994
96,Rodney White,2001,218,3354,1540,9,1,1,1,0.019589653168257226,0.9804103468317428
97,Mehmet Okur,2001,634,18429,8561,37,0,0,1,0.17313277468079002,0.82686722531921
98,Steven Hunter,2001,400,5993,1817,15,1,1,1,0.006161096844145564,0.9938389031558544
99,Jeryl Sasser,2001,82,1061,204,22,1,1,1,0.14983333263840115,0.8501666673615988
100,Omar Cook,2001,22,213,37,31,1,0,1,0.3173399881558824,0.6826600118441176
101,Loren Woods,2001,215,2428,555,45,1,1,1,0.09646805324397989,0.9035319467560201
102,Raul Lopez,2001,113,2135,733,24,0,0,1,0.4464557630756899,0.5535442369243101
103,Jarron Collins,2001,542,8542,2095,52,1,1,1,0.015779238114578154,0.9842207618854218
104,Kwame Brown,2001,607,13389,4035,1,0,1,1,0.023129102874869578,0.9768708971251304
105,Pau Gasol,2001,1055,37202,19209,3,0,1,1,0.03828169462250641,0.9617183053774936
106,Terence Morris,2001,139,1934,472,33,1,1,1,0.1478234880913335,0.8521765119086665
107,Ken Johnson,2001,16,156,32,48,1,0,0,0.5263724589095455,0.4736275410904545
108,Vladimir Radmanovic,2001,737,16164,5879,12,0,1,1,0.009632446815040274,0.9903675531849597
109,Earl Watson,2001,878,19494,5593,39,1,1,1,0.009184592581878759,0.9908154074181212
110,Bobby Simmons,2001,466,11513,4189,41,1,1,1,0.08810896501195065,0.9118910349880494
111,Eddie Griffin,2001,303,6729,2171,7,1,1,1,0.03341469242329953,0.9665853075767005
112,Brian Scalabrine,2001,520,6772,1594,34,1,1,1,0.0036067245459635577,0.9963932754540364
113,Michael Wright,2001,0,0,0,38,1,0,1,0.45611903316596614,0.5438809668340339
114,Eric Chenowith,2001,0,0,0,42,1,0,1,0.5032601157198302,0.4967398842801698
115,Sam Clancy,2002,0,0,0,44,1,0,0,0.5268614308919035,0.4731385691080965
116,Jiri Welsch,2002,247,4596,1519,16,0,1,1,0.1626326707807194,0.8373673292192806
117,Qyntel Woods,2002,167,2060,691,21,1,1,1,0.05365398557169054,0.9463460144283095
118,Jason Jennings,2002,0,0,0,42,1,0,1,0.5032601157198302,0.4967398842801698
119,Federico Kammerichs,2002,0,0,0,50,0,0,0,0.8692803388414942,0.1307196611585057
120,Amar'e Stoudemire,2002,846,26254,15994,9,0,1,1,0.004121262133846559,0.9958787378661534
121,Casey Jacobsen,2002,287,5320,1488,22,1,1,1,0.04701604294654749,0.9529839570534525
122,Yao Ming,2002,486,15818,9247,1,0,1,1,0.0464369266243041,0.9535630733756959
123,Bostjan Nachbar,2002,317,5628,2252,15,0,1,1,0.06704153955801195,0.932958460441988
124,Tito Maddox,2002,9,35,11,37,1,1,1,0.4093575495442482,0.5906424504557518
125,Darius Songaila,2002,495,9229,3415,49,1,0,1,0.023188160263482582,0.9768118397365174
126,Mladen Sekularac,2002,0,0,0,54,0,0,0,0.8893016817777775,0.11069831822222251
127,Fred Jones,2002,430,10299,3206,14,1,1,1,0.036903728814538406,0.9630962711854616
128,Chris Wilcox,2002,628,12474,5150,8,1,1,1,0.0012149489898557464,0.9987850510101443
129,Melvin Ely,2002,375,6005,1992,12,1,1,1,0.0075804926989214705,0.9924195073010785
130,Mario Kasun,2002,73,569,198,40,0,0,0,0.600608710348552,0.39939128965144804
131,Marcus Haislip,2002,89,854,311,13,1,1,1,0.07479230100866818,0.9252076989913318
132,Dan Gadzuric,2002,527,7793,2465,33,1,1,1,0.0037958238793583954,0.9962041761206416
133,Ronald Murray,2002,487,11077,4817,41,1,1,1,0.030653658797405225,0.9693463412025948
134,Chris Owens,2002,1,6,4,47,1,1,0,0.5580424023826234,0.4419575976173767
135,Mike Dunleavy,2002,933,26499,10773,3,1,1,1,0.004853401259505508,0.9951465987404945
136,Steve Logan,2002,0,0,0,29,1,0,1,0.3540542427718405,0.6459457572281595
137,Dan Dickau,2002,300,4617,1745,28,1,1,1,0.024970749770474976,0.975029250229525
138,Corsley Edwards,2002,10,110,27,57,1,0,0,0.6473927634453192,0.3526072365546809
139,Kareem Rush,2002,346,5956,2213,20,1,1,1,0.015524403768927275,0.9844755962310727
140,John Salmons,2002,895,23672,8292,26,1,1,1,0.015870815185425657,0.9841291848145743
141,Luis Scola,2002,707,18540,8698,55,0,0,1,0.11514828702511137,0.8848517129748886
142,Randy Holcomb,2002,4,11,2,56,1,0,0,0.6477645533692054,0.3522354466307946
143,Jay Williams,2002,75,1961,714,2,1,1,1,0.10061857575531075,0.8993814242446893
144,Roger Mason,2002,518,9147,3289,30,1,1,1,0.006446426829653573,0.9935535731703464
145,Lonny Baxter,2002,162,1884,637,43,1,1,1,0.1370292004783693,0.8629707995216307
146,Drew Gooden,2002,790,20127,8653,4,1,1,1,0.0020010789315911826,0.9979989210684088
147,Robert Archibald,2002,44,328,51,31,1,1,1,0.2524267907409983,0.7475732092590017
148,Matt Barnes,2002,855,20190,7062,45,1,0,1,0.012287357640669794,0.9877126423593302
149,Carlos Boozer,2002,861,26901,13976,34,1,1,1,0.01346345212927047,0.9865365478707295
150,Dajuan Wagner,2002,103,2202,964,6,1,1,1,0.07697023346410992,0.9230297665358901
151,Tayshaun Prince,2002,1017,31576,11272,23,1,1,1,0.08884230308727603,0.911157696912724
152,Curtis Borchardt,2002,83,1117,258,18,1,0,1,0.12623388777845967,0.8737661122215403
153,Marcus Taylor,2002,0,0,0,51,1,0,0,0.6078609007802331,0.3921390992197669
154,Ryan Humphrey,2002,85,772,197,19,1,1,1,0.10440862554087482,0.8955913744591252
155,Jamal Sampson,2002,72,631,142,46,1,1,1,0.3294874982727798,0.6705125017272202
156,Nikoloz Tskitishvili,2002,172,1946,507,5,0,1,1,0.10129573114188228,0.8987042688581177
157,Frank Williams,2002,86,952,253,25,1,1,1,0.14410541756421968,0.8558945824357803
158,Vincent Yarbrough,2002,59,1381,406,32,1,1,1,0.32514206011888813,0.6748579398811119
159,Jared Jeffries,2002,629,13579,3003,11,1,1,1,0.012529049296376438,0.9874709507036236
160,Juan Dixon,2002,436,8509,3678,17,1,1,1,0.0073670480824475915,0.9926329519175524
161,Rod Grizzard,2002,0,0,0,38,1,0,1,0.45611903316596614,0.5438809668340339
162,Juan Carlos Navarro,2002,82,2117,896,39,0,0,0,0.7186545567605808,0.28134544323941924
163,Chris Jefferies,2002,72,861,281,27,1,1,1,0.17932375388767507,0.8206762461123249
164,David Andersen,2002,103,1264,501,36,0,0,1,0.5035023828795909,0.4964976171204091
165,Caron Butler,2002,881,28333,12430,10,1,1,1,0.02403962613995836,0.9759603738600416
166,Rasual Butler,2002,809,17219,6092,52,1,1,1,0.0075456832603223445,0.9924543167396777
167,Peter Fehse,2002,0,0,0,48,0,0,0,0.8581613522972346,0.1418386477027654
168,Nenad Krstic,2002,419,10547,4210,24,0,0,1,0.17673477936417792,0.8232652206358221
169,Tamar Slay,2002,66,517,173,53,1,1,1,0.4065669078397962,0.5934330921602038
170,Nene Hilario,2002,804,22735,9809,7,0,1,1,0.02763294362040314,0.9723670563795969
171,Milos Vujanic,2002,0,0,0,35,0,0,0,0.765988331859844,0.23401166814015592
172,Paccelis Morlende,2003,0,0,0,50,0,0,0,0.8692803388414942,0.1307196611585057
173,Boris Diaw,2003,991,27485,8801,21,0,1,1,0.11890256689509504,0.881097433104905
174,Travis Hansen,2003,41,507,123,37,1,1,1,0.34149960143447566,0.6585003985655243
175,David West,2003,893,27291,13223,18,1,1,1,0.007770341634645295,0.9922296583653547
176,James Lang,2003,11,55,11,48,0,0,0,0.8369601356872632,0.1630398643127368
177,Travis Outlaw,2003,622,13026,5273,23,0,1,1,0.017188588286232487,0.9828114117137675
178,Nedzad Sinanovic,2003,0,0,0,54,0,0,0,0.8893016817777775,0.11069831822222251
179,Zarko Cabarkapa,2003,150,1550,640,17,0,1,1,0.16718837251661534,0.8328116274833847
180,Malick Badiane,2003,0,0,0,44,0,0,0,0.8335619371466996,0.1664380628533004
181,Troy Bell,2003,6,34,11,16,1,1,1,0.21326879326807469,0.7867312067319253
182,Dahntay Jones,2003,623,9787,3344,20,1,1,1,0.0009494778965574158,0.9990505221034426
183,Brandon Hunter,2003,67,630,220,56,1,1,1,0.45066590641253723,0.5493340935874628
184,Josh Howard,2003,507,15350,7270,29,1,1,1,0.06434244163625813,0.9356575583637419
185,Xue Yuyang,2003,0,0,0,57,0,0,0,0.9025065555875553,0.0974934444124447
186,James Jones,2003,661,10717,3585,49,1,1,1,0.0032740465827079124,0.9967259534172921
187,Chris Kaman,2003,735,19642,8208,6,1,1,1,0.005446044805631489,0.9945539551943685
188,Sofoklis Schortsanitis,2003,0,0,0,34,0,0,0,0.7574117831145075,0.24258821688549242
189,T.J. Ford,2003,429,11882,4797,8,1,1,1,0.03450296173637568,0.9654970382636243
190,Szymon Szewczyk,2003,0,0,0,35,0,0,0,0.765988331859844,0.23401166814015592
191,Keith Bogans,2003,671,14527,4257,43,1,1,1,0.024314056333111456,0.9756859436668885
192,Mickael Pietrus,2003,557,11950,4629,11,0,1,1,0.02088648506743962,0.9791135149325604
193,Derrick Zimmerman,2003,2,32,4,40,1,0,1,0.47607921487603355,0.5239207851239664
194,Chris Bosh,2003,893,31936,17189,4,1,1,1,0.011122219509289377,0.9888777804907106
195,Remon Van de Hare,2003,0,0,0,52,0,0,0,0.8796499280131047,0.1203500719868953
196,Marcus Banks,2003,348,5571,2061,13,1,1,1,0.008883260542804527,0.9911167394571955
197,Kendrick Perkins,2003,781,17147,4211,27,0,1,1,0.052110313599478264,0.9478896864005217
198,LeBron James,2003,987,38478,26833,1,0,1,1,0.0025084323135954323,0.9974915676864046
199,Jason Kapono,2003,509,9068,3398,31,1,1,1,0.006980419766828616,0.9930195802331714
200,Darko Milicic,2003,468,8638,2813,2,0,1,1,0.01735411980641799,0.982645880193582
201,Carlos Delfino,2003,507,11580,4115,25,0,0,1,0.09672411316425156,0.9032758868357484
202,Andreas Glyniadakis,2003,13,81,17,58,0,0,0,0.889746701977908,0.11025329802209204
203,Reece Gaines,2003,71,605,123,15,1,1,1,0.10293484094383398,0.897065159056166
204,Zaza Pachulia,2003,891,19122,6348,42,0,1,1,0.01729709455333006,0.9827029054466699
205,Kirk Hinrich,2003,879,27015,9594,7,1,1,1,0.04720097233079845,0.9527990276692015
206,Mario Austin,2003,0,0,0,36,1,0,1,0.4327879775919674,0.5672120224080326
207,Matt Bonner,2003,792,13356,4632,45,1,0,1,0.000977688089641049,0.999022311910359
208,Tommy Smith,2003,0,0,0,53,1,0,0,0.6301448044500939,0.36985519554990604
209,Ndudi Ebi,2003,19,86,40,26,0,1,0,0.612146186564059,0.387853813435941
210,Rick Rickert,2003,0,0,0,55,1,0,0,0.651887591063804,0.34811240893619594
211,Sasha Pavlovic,2003,567,8888,2787,19,0,1,1,0.00800352154888162,0.9919964784511184
212,Mo Williams,2003,818,23872,10759,47,1,1,1,0.040540133588383154,0.9594598664116168
213,Carmelo Anthony,2003,902,32796,22497,3,1,1,1,0.0005897023819241287,0.9994102976180759
214,Sani Becirovic,2003,0,0,0,46,0,0,0,0.84626385234009,0.1537361476599099
215,Brian Cook,2003,421,5649,2312,24,1,1,1,0.003614037924439595,0.9963859620755604
216,Luke Walton,2003,564,9685,2649,32,1,1,1,0.006996777523678777,0.9930032224763212
217,Leandro Barbosa,2003,783,17423,8616,28,0,1,1,0.004082101420043283,0.9959178985799567
218,Dwyane Wade,2003,855,30560,20221,5,1,1,1,0.0011735278312969832,0.998826472168703
219,Jerome Beasley,2003,2,5,2,33,1,1,1,0.3903221677234948,0.6096778322765052
220,Nick Collison,2003,875,18400,5295,12,1,0,1,0.001427249978649181,0.9985727500213508
221,Luke Ridnour,2003,830,21623,7740,14,1,1,1,0.00871856003026239,0.9912814399697376
222,Willie Green,2003,731,14783,6059,41,1,1,1,0.0029255617937876677,0.9970744382062123
223,Zoran Planinic,2003,148,1584,561,22,0,1,1,0.22157186676674245,0.7784281332332575
224,Kyle Korver,2003,964,25562,9617,51,1,1,1,0.026706354973095037,0.973293645026905
225,Mike Sweetney,2003,233,3610,1516,9,1,1,1,0.018463757998262276,0.9815362420017377
226,Maciej Lampe,2003,64,632,215,30,0,1,0,0.5339655193727658,0.4660344806272342
227,Slavko Vranes,2003,1,3,0,39,0,1,0,0.7955941068362137,0.20440589316378632
228,Jarvis Hayes,2003,427,9898,3553,10,1,1,1,0.019341590136885634,0.9806584098631144
229,Steve Blake,2003,870,20823,5662,38,1,1,1,0.026381030700038055,0.973618969299962
230,J.R. Smith,2004,839,22543,11044,18,0,1,1,0.009824142267827463,0.9901758577321725
231,Tim Pickett,2004,0,0,0,44,1,0,0,0.5268614308919035,0.4731385691080965
232,Emeka Okafor,2004,590,18702,7256,2,1,1,1,0.05321036417491298,0.946789635825087
233,Bernard Robinson,2004,128,1909,576,45,1,1,1,0.25521484024169294,0.7447851597583071
234,Andre Iguodala,2004,900,31836,12109,9,1,1,1,0.23072363163581877,0.7692763683641812
235,Josh Childress,2004,391,10432,3548,6,1,1,1,0.04523461062116407,0.9547653893788359
236,Josh Smith,2004,891,28988,12994,17,0,1,1,0.1290456274659052,0.8709543725340948
237,Donta Smith,2004,61,560,165,34,1,1,1,0.24098995256846412,0.7590100474315359
238,Royal Ivey,2004,492,6162,1641,37,1,1,1,0.004194978804520022,0.99580502119548
239,Viktor Sanikidze,2004,0,0,0,42,0,0,0,0.8200337464434932,0.17996625355650675
240,Luol Deng,2004,823,29050,12777,7,1,1,1,0.07826666074293198,0.921733339257068
241,Luis Flores,2004,16,77,35,55,1,1,0,0.5923954555485127,0.40760454445148736
242,Andris Biedrins,2004,516,11146,3247,11,0,1,1,0.055397282848163254,0.9446027171518367
243,Al Jefferson,2004,813,24884,13556,15,0,1,1,0.01636820990083565,0.9836317900991643
244,Delonte West,2004,432,11842,4198,24,1,1,1,0.09302132096680726,0.9069786790331927
245,Tony Allen,2004,727,15868,5908,25,1,1,1,0.0037346592485690833,0.9962653407514309
246,Justin Reed,2004,136,1436,472,40,1,1,1,0.1482455610549065,0.8517544389450935
247,Vassilis Spanoulis,2004,31,272,85,50,0,0,0,0.8155791550935845,0.18442084490641558
248,Shaun Livingston,2004,622,13747,4190,4,0,1,1,0.02416999409406273,0.9758300059059373
249,Lionel Chalmers,2004,36,433,111,33,1,1,1,0.30916304880984835,0.6908369511901516
250,Devin Harris,2004,781,20465,9137,5,1,1,1,0.002347193307817852,0.9976528066921821
251,Peter John Ramos,2004,6,20,11,32,0,1,0,0.7198135572057309,0.280186442794269
252,Kevin Martin,2004,714,21559,12396,26,1,1,1,0.006110243460698328,0.9938897565393017
253,Ricky Minard,2004,0,0,0,48,1,0,0,0.5736029597088619,0.4263970402911382
254,Trevor Ariza,2004,795,22766,8211,43,1,1,1,0.10399717357230176,0.8960028264276982
255,Sergei Lishouk,2004,0,0,0,49,0,0,0,0.863816406006126,0.136183593993874
256,Luke Jackson,2004,73,724,252,10,1,1,1,0.08099715247697359,0.9190028475230264
257,Rickey Paulding,2004,0,0,0,54,1,0,0,0.641088664370699,0.358911335629301
258,Sebastian Telfair,2004,564,12149,4183,13,0,1,1,0.031008819212582472,0.9689911807874175
259,Sergei Monia,2004,26,343,77,23,0,0,0,0.5892892973535242,0.41071070264647574
260,Ha Seung-Jin,2004,46,316,70,46,0,1,0,0.7444098205201765,0.25559017947982354
261,Ben Gordon,2004,744,20366,11084,3,1,1,1,0.0011151903876739366,0.9988848096123261
262,Jackson Vroman,2004,87,1111,285,31,1,1,1,0.1954818830985915,0.8045181169014085
263,Chris Duhon,2004,606,15526,3946,38,1,1,1,0.14370990813872753,0.8562900918612725
264,Dwight Howard,2004,880,31092,15650,1,0,1,1,0.07226274353503603,0.927737256464964
265,Anderson Varejao,2004,613,14959,4543,30,0,1,1,0.16756383879579617,0.8324361612042038
266,Antonio Burks,2004,81,789,186,36,1,1,1,0.22213846386415426,0.7778615361358457
267,Blake Stepp,2004,0,0,0,58,1,0,0,0.683328258187254,0.3166717418127461
268,Kris Humphries,2004,744,13543,5093,14,1,1,1,0.00046383792904647336,0.9995361620709535
269,Kirk Snyder,2004,211,3540,1333,16,1,1,1,0.03991787825127646,0.9600821217487235
270,Pavel Podkolzin,2004,6,28,4,21,0,1,0,0.6069125722278963,0.39308742777210376
271,Jameer Nelson,2004,753,21481,9006,20,1,1,1,0.01847198416639373,0.9815280158336063
272,David Harrison,2004,189,2686,949,29,1,1,1,0.0706960661700673,0.9293039338299327
273,Rashad Wright,2004,0,0,0,59,1,0,0,0.6934639620050729,0.3065360379949272
274,Sasha Vujacic,2004,539,8500,2970,27,0,1,1,0.01275869343918401,0.987241306560816
275,Marcus Douthit,2004,0,0,0,56,1,0,0,0.6625326356412262,0.33746736435877384
276,Beno Udrih,2004,792,17625,6725,28,0,1,1,0.013449134547451225,0.9865508654525488
277,Romain Sato,2004,0,0,0,52,1,0,0,0.6190655295807264,0.38093447041927364
278,Sergei Karaulov,2004,0,0,0,57,0,0,0,0.9025065555875553,0.0974934444124447
279,Dorell Wright,2004,549,12280,4597,19,0,1,1,0.04517609404427314,0.9548239059557269
280,Pape Sow,2004,76,879,219,47,1,1,1,0.35551087212725374,0.6444891278727463
281,Matt Freije,2004,42,588,133,53,1,1,0,0.5342025428490969,0.4657974571509031
282,Robert Swift,2004,97,1500,416,12,0,1,1,0.31519062841584244,0.6848093715841576
283,Andre Emmett,2004,14,73,20,35,1,1,0,0.3708869373394236,0.6291130626605764
284,David Young,2004,0,0,0,41,1,0,0,0.49144741828229344,0.5085525817177066
285,Rafael Araujo,2004,139,1585,389,8,1,1,1,0.041185647116208535,0.9588143528837915
286,Albert Miralles,2004,0,0,0,39,0,0,0,0.7981566863600869,0.2018433136399132
287,Viktor Khryapa,2004,143,2351,643,22,0,1,1,0.3474507494127209,0.6525492505872791
288,Christian Drejer,2004,0,0,0,51,1,0,0,0.6078609007802331,0.3921390992197669
289,Chris Paul,2005,773,27725,14506,4,1,1,1,0.02138164376446028,0.9786183562355397
290,Brandon Bass,2005,706,15833,6283,33,1,1,1,0.006093914973722581,0.9939060850262774
291,Raymond Felton,2005,776,25385,9608,5,1,1,1,0.07651762367148163,0.9234823763285184
292,Sean May,2005,119,1868,821,13,1,1,1,0.06861552644019697,0.931384473559803
293,Louis Williams,2005,701,16442,8604,45,0,1,1,0.01886521338112268,0.9811347866188773
294,Marvin Williams,2005,785,22596,8273,2,1,1,1,0.016631183052112863,0.9833688169478871
295,Salim Stoudamire,2005,157,2672,1260,31,1,1,1,0.10802645947911882,0.8919735405208812
296,Cenk Akyol,2005,0,0,0,59,0,0,0,0.9105117472274842,0.08948825277251579
297,Nate Robinson,2005,618,13878,6807,21,1,1,1,0.002731816522579922,0.9972681834774201
298,Marcin Gortat,2005,595,15309,6145,57,0,0,1,0.31918368188197854,0.6808163181180215
299,Luther Head,2005,348,7797,2842,24,1,1,1,0.04797545949234594,0.9520245405076541
300,Ike Diogu,2005,225,2795,1348,9,1,1,1,0.012797428930285015,0.987202571069715
301,Monta Ellis,2005,759,27013,14228,40,0,1,1,0.3245178707326358,0.6754821292673642
302,Chris Taft,2005,17,144,47,42,1,1,0,0.4464884046228832,0.5535115953771168
303,Gerald Green,2005,497,10086,4978,18,0,1,1,0.01660425086852446,0.9833957491314755
304,Ryan Gomes,2005,487,13463,4926,50,1,1,1,0.21944160562695258,0.7805583943730474
305,Orien Greene,2005,131,1555,326,53,1,1,1,0.2975909823716596,0.7024090176283404
306,Fran Vazquez,2005,0,0,0,11,0,0,0,0.5129202430745026,0.4870797569254974
307,Travis Diener,2005,179,2660,854,38,1,1,1,0.1269076564813889,0.8730923435186111
308,Martynas Andriuskevicius,2005,6,9,0,44,0,1,0,0.8189416826088496,0.18105831739115041
309,Antoine Wright,2005,297,5714,1614,15,1,1,1,0.03557987353505554,0.9644201264649445
310,Mile Ilic,2005,5,6,0,43,0,0,0,0.8142356891846465,0.1857643108153535
311,Yaroslav Korolev,2005,34,168,39,12,0,1,1,0.3980287817740712,0.6019712182259288
312,Daniel Ewing,2005,127,1683,431,32,1,1,1,0.14834284870267334,0.8516571512973267
313,Andray Blatche,2005,564,12462,5706,49,0,1,1,0.07759940814538668,0.9224005918546133
314,Francisco Garcia,2005,549,11853,4323,23,1,1,1,0.010798029771250661,0.9892019702287493
315,David Lee,2005,750,22816,10656,30,1,1,1,0.02993943557883194,0.9700605644211681
316,Channing Frye,2005,727,17338,6717,8,1,1,1,0.0030783535834703057,0.9969216464165297
317,Dijon Thompson,2005,16,93,45,54,1,1,0,0.5823654012010118,0.41763459879898823
318,Hakim Warrick,2005,526,10624,4947,19,1,1,1,0.00357173875134853,0.9964282612486515
319,Jason Maxiell,2005,618,11379,3481,26,1,1,1,0.0042715294787462055,0.9957284705212538
320,Amir Johnson,2005,665,15015,5039,56,0,1,1,0.1691452642381781,0.8308547357618219
321,Alex Acker,2005,30,234,81,60,1,1,0,0.609983232396209,0.390016767603791
322,Martell Webster,2005,580,13914,5056,6,0,1,1,0.03667689885985326,0.9633231011401467
323,Linas Kleiza,2005,409,8185,3561,27,1,1,1,0.01606702517904557,0.9839329748209544
324,Ricky Sanchez,2005,0,0,0,35,0,0,0,0.765988331859844,0.23401166814015592
325,Rashad McCants,2005,249,5037,2479,14,1,1,1,0.02794266331629769,0.9720573366837023
326,Bracey Wright,2005,26,325,129,47,1,1,0,0.4861335516301347,0.5138664483698653
327,Deron Williams,2005,781,27208,13103,3,1,1,1,0.02890167245495412,0.9710983275450459
328,C.J. Miles,2005,639,13152,6191,34,0,1,1,0.013055002250802694,0.9869449977491973
329,Robert Whaley,2005,23,212,49,51,1,1,0,0.5380476740710849,0.46195232592891516
330,Julius Hodge,2005,23,98,28,20,1,1,1,0.19998839494264964,0.8000116050573504
331,Jarrett Jack,2005,803,22559,8877,22,1,1,1,0.020315126043905063,0.9796848739560949
332,Axel Hervelle,2005,0,0,0,52,0,0,0,0.8796499280131047,0.1203500719868953
333,Danny Granger,2005,586,18487,9855,17,1,1,1,0.019351538031597948,0.980648461968402
334,Erazem Lorbek,2005,0,0,0,46,0,0,0,0.84626385234009,0.1537361476599099
335,Andrew Bogut,2005,644,18929,6654,1,1,1,1,0.03402861362771281,0.9659713863722872
336,Ersan Ilyasova,2005,527,12721,5611,36,0,0,1,0.10344946965900503,0.896550530340995
337,Andrew Bynum,2005,418,10690,4822,10,0,1,1,0.07841808126749661,0.9215819187325034
338,Ronny Turiaf,2005,473,8020,2209,37,1,1,1,0.01688921469452309,0.9831107853054769
339,Von Wafer,2005,200,2475,1054,39,1,1,1,0.07365032216334944,0.9263496778366506
340,Ian Mahinmi,2005,438,7347,2248,28,0,0,1,0.052543234521993165,0.9474567654780068
341,Wayne Simien,2005,51,507,169,29,1,1,1,0.22349603227516157,0.7765039677248384
342,Johan Petro,2005,473,7262,2202,25,0,1,1,0.02402688683875942,0.9759731131612406
343,Mickael Gelabale,2005,145,2348,670,48,0,0,1,0.6323953979458163,0.3676046020541837
344,Lawrence Roberts,2005,87,1150,334,55,1,1,1,0.42993278889154285,0.5700672111084572
345,Charlie Villanueva,2005,656,13578,6808,7,1,1,1,0.0005632157894770451,0.999436784210523
346,Joey Graham,2005,377,6117,2239,16,1,1,1,0.008211308765875724,0.9917886912341243
347,Roko Ukic,2005,85,987,341,41,0,0,1,0.6145924438596676,0.3854075561403324
348,Uros Slokar,2005,20,72,38,58,0,0,0,0.8744503603073246,0.12554963969267538
349,Adam Morrison,2006,161,3278,1200,3,1,1,1,0.04725996121859022,0.9527400387814098
350,Ryan Hollins,2006,518,6134,1913,50,1,1,1,0.003980695702451853,0.9960193042975481
351,Thabo Sefolosha,2006,678,15615,3956,13,0,1,1,0.06260295987950759,0.9373970401204924
352,Shelden Williams,2006,361,5586,1618,5,1,1,1,0.006474205141952183,0.9935257948580478
353,Solomon Jones,2006,281,3092,839,33,1,1,1,0.024759226007630475,0.9752407739923695
354,Andrea Bargnani,2006,550,15806,7873,1,0,1,1,0.03514401197147532,0.9648559880285247
355,P.J. Tucker,2006,337,9406,2661,35,1,1,1,0.2851274557068717,0.7148725442931283
356,Edin Bavcic,2006,0,0,0,56,0,0,0,0.8982689086270376,0.10173109137296243
357,Rudy Gay,2006,723,25802,13298,8,1,1,1,0.031389092487855486,0.9686109075121445
358,Steve Novak,2006,459,5635,2172,32,1,1,1,0.002867522236541964,0.997132477763458
359,Patrick O'Bryant,2006,90,524,186,9,1,1,1,0.052377269772132085,0.9476227302278679
360,Kosta Perovic,2006,7,38,10,38,0,0,0,0.7726563944383602,0.22734360556163977
361,Randy Foye,2006,683,17995,7372,7,1,1,1,0.0070677096773850145,0.992932290322615
362,Shannon Brown,2006,408,7329,3118,25,1,1,1,0.010312786661865858,0.9896872133381341
363,Daniel Gibson,2006,397,9316,3115,42,1,1,1,0.11549241722005854,0.8845075827799415
364,Ejike Ugboaja,2006,0,0,0,55,0,0,0,0.8938687286711596,0.10613127132884036
365,Maurice Ager,2006,82,505,169,28,1,1,1,0.13513656491881443,0.8648634350811856
366,J.R. Pinnock,2006,0,0,0,58,1,0,0,0.683328258187254,0.3166717418127461
367,Marcus Williams (1985),2006,203,3095,1128,22,1,1,1,0.049189927023636115,0.9508100729763639
368,Josh Boone,2006,256,4482,1340,23,1,1,1,0.04985124660469298,0.950148753395307
369,Hassan Adams,2006,73,547,185,54,1,1,1,0.3911401259175542,0.6088598740824458
370,Paul Davis,2006,82,702,217,34,1,1,1,0.18962780682943414,0.8103721931705659
371,Guillermo Diaz,2006,6,18,5,52,1,0,0,0.5956551294262946,0.40434487057370533
372,Oleksiy Pecherov,2006,111,1044,438,18,0,0,1,0.24787295795440434,0.7521270420455957
373,Vladimir Veremeenko,2006,0,0,0,48,0,0,0,0.8581613522972346,0.1418386477027654
374,Quincy Douby,2006,143,1535,588,19,1,1,1,0.05385933777410579,0.9461406622258942
375,Renaldo Balkman,2006,221,3064,894,20,1,1,1,0.03709261141378062,0.9629073885862194
376,Mardy Collins,2006,189,2771,742,29,1,1,1,0.0848336350225456,0.9151663649774544
377,Hilton Armstrong,2006,292,3378,880,12,1,1,1,0.009264748887455987,0.990735251112544
378,Cedric Simmons,2006,75,705,163,15,1,1,1,0.10097083955336339,0.8990291604466366
379,Marcus Vinicius,2006,26,172,50,43,0,1,0,0.7671489040507191,0.23285109594928086
380,Kyle Lowry,2006,653,19814,8818,24,1,1,1,0.0419478794678646,0.9580521205321354
381,Will Blalock,2006,14,166,25,60,1,1,0,0.6728381978205694,0.3271618021794306
382,LaMarcus Aldridge,2006,722,25233,13893,2,1,1,1,0.010859380439603217,0.9891406195603968
383,Rodney Carney,2006,299,4600,1778,16,1,1,1,0.01409370083713457,0.9859062991628654
384,Brandon Roy,2006,326,11561,6136,6,1,1,1,0.06528556747974379,0.9347144325202562
385,Bobby Jones,2006,91,867,288,37,1,1,1,0.19896456811630336,0.8010354318836966
386,Craig Smith,2006,403,6826,3080,36,1,1,1,0.013191622455742125,0.9868083775442579
387,Loukas Mavrokefalidis,2006,0,0,0,57,0,0,0,0.9025065555875553,0.0974934444124447
388,Dee Brown,2006,68,711,140,46,1,1,1,0.36000133710968596,0.639998662890314
389,Ronnie Brewer,2006,502,11539,3940,14,1,1,1,0.016523813854844804,0.9834761861451552
390,Paul Millsap,2006,768,22340,10644,47,1,1,1,0.03361740044783057,0.9663825995521694
391,Leon Powe,2006,239,3320,1484,49,1,1,1,0.08364656694435013,0.9163534330556499
392,Shawne Williams,2006,314,5368,1769,17,1,1,1,0.02027360452242033,0.9797263954775797
393,Alexander Johnson,2006,102,1302,439,45,1,1,1,0.2734287909524038,0.7265712090475962
394,David Noel,2006,68,792,184,39,1,1,1,0.29479889780814406,0.7052011021918559
395,Rajon Rondo,2006,645,21202,7068,21,1,1,1,0.2806718123088652,0.7193281876911348
396,Sergio Rodriguez,2006,285,3763,1217,27,0,1,1,0.09505523924498116,0.9049447607550188
397,Jordan Farmar,2006,502,9805,3876,26,1,1,1,0.00809976535334267,0.9919002346466573
398,Cheikh Samb,2006,22,114,22,51,0,0,0,0.8342830106660389,0.16571698933396103
399,J.J. Redick,2006,612,14967,7041,11,1,1,1,0.0037637143773578963,0.9962362856226421
400,James Augustine,2006,27,156,42,41,1,1,1,0.39387737925919997,0.6061226207408
401,Lior Eliyahu,2006,0,0,0,44,0,0,0,0.8335619371466996,0.1664380628533004
402,Damir Markota,2006,30,170,51,59,0,1,0,0.8668800072266379,0.13311999277336206
403,Mouhamed Sene,2006,47,260,103,10,0,1,1,0.3286440421422926,0.6713559578577074
404,Denham Brown,2006,0,0,0,40,1,0,1,0.47964426332997245,0.5203557366700275
405,Yotam Halperin,2006,0,0,0,53,0,0,0,0.8845634857797798,0.11543651422022015
406,Tyrus Thomas,2006,402,7932,3093,4,1,1,1,0.006900615560040069,0.9930993844399599
407,Joel Freeland,2006,151,1821,477,30,0,0,1,0.3323834022089389,0.6676165977910611
408,James White,2006,67,583,182,31,1,1,1,0.19923890568690306,0.8007610943130969
409,Thaddeus Young,2007,665,20357,9251,12,1,1,1,0.02244786023289036,0.9775521397671096
410,Daequan Cook,2007,328,5993,2114,21,1,1,1,0.02449832130799734,0.9755016786920027
411,Petteri Koponen,2007,0,0,0,30,0,0,0,0.7210195211516324,0.2789804788483676
412,Kyrylo Fesenko,2007,135,1107,305,38,0,1,1,0.38540758439747724,0.6145924156025228
413,Al Horford,2007,578,19342,8288,3,1,1,1,0.05821332875184859,0.9417866712481514
414,Acie Law,2007,188,2385,725,11,1,1,1,0.02942805226344558,0.9705719477365544
415,Marco Belinelli,2007,570,13125,5429,18,0,1,1,0.03345579316535585,0.9665442068346441
416,Jermareo Davidson,2007,52,433,162,36,1,1,1,0.27189719819669955,0.7281028018033004
417,Stephane Lasme,2007,16,303,83,46,1,1,1,0.5227724063306081,0.4772275936693919
418,Mike Conley,2007,637,20693,8635,4,1,1,1,0.047770626082648815,0.9522293739173512
419,Jeff Green,2007,636,20360,8890,5,1,1,1,0.03404268857349202,0.965957311426508
420,Gabe Pruitt,2007,62,461,125,32,1,1,1,0.21245171495554116,0.7875482850444588
421,Aaron Brooks,2007,548,12356,5862,26,1,1,1,0.006986311205410822,0.9930136887945892
422,Brad Newley,2007,0,0,0,54,0,0,0,0.8893016817777775,0.11069831822222251
423,Nick Fazekas,2007,26,269,107,34,1,1,1,0.3321127649944843,0.6678872350055157
424,Renaldas Seibutis,2007,0,0,0,50,0,0,0,0.8692803388414942,0.1307196611585057
425,Milovan Rakovic,2007,0,0,0,60,0,0,0,0.9142880759197585,0.08571192408024152
426,Sean Williams,2007,137,1978,581,17,1,1,1,0.07532754693581045,0.9246724530641895
427,Al Thornton,2007,296,8274,3527,14,1,1,1,0.06977238176041256,0.9302276182395874
428,Jared Jordan,2007,0,0,0,45,1,0,1,0.538623794237675,0.4613762057623249
429,Nick Young,2007,576,13433,6813,16,1,1,1,0.0032695901134685013,0.9967304098865315
430,Dominic McGuire,2007,342,5348,939,47,1,1,1,0.07927554235824441,0.9207244576417556
431,Spencer Hawes,2007,630,14744,5595,10,1,1,1,0.005497859189340759,0.9945021408106592
432,Wilson Chandler,2007,445,13833,6098,23,1,1,1,0.09539005081900132,0.9046099491809987
433,Julian Wright,2007,231,3049,907,13,1,1,1,0.022129653289088114,0.9778703467109119
434,Adam Haluska,2007,0,0,0,43,1,0,1,0.5150691747959109,0.48493082520408914
435,Rodney Stuckey,2007,612,17194,7904,15,1,1,1,0.01428297037099513,0.9857170296290049
436,Arron Afflalo,2007,648,18567,7504,27,1,1,1,0.04691696951832591,0.9530830304816741
437,Sammy Mejia,2007,0,0,0,57,1,0,0,0.6730154407504421,0.326984559249558
438,Joakim Noah,2007,572,16848,5325,9,1,1,1,0.08260102610485742,0.9173989738951426
439,Aaron Gray,2007,318,3851,1066,49,1,1,1,0.04102778793394868,0.9589722120660513
440,JamesOn Curry,2007,1,0,0,51,1,0,0,0.6035305137087232,0.39646948629127676
441,Corey Brewer,2007,629,15757,6190,7,1,1,1,0.007206314416249193,0.9927936855837508
442,Chris Richard,2007,70,780,135,41,1,1,1,0.3117844157009565,0.6882155842990435
443,Morris Almond,2007,38,361,119,25,1,1,1,0.21777893851703267,0.7822210614829673
444,Herbert Hill,2007,0,0,0,55,1,0,0,0.651887591063804,0.34811240893619594
445,Greg Oden,2007,105,2028,840,1,1,0,1,0.0567412002979758,0.9432587997020242
446,Josh McRoberts,2007,409,7884,2226,37,1,1,1,0.0465856962745933,0.9534143037254067
447,Derrick Byars,2007,2,37,10,42,1,0,1,0.4996866441539457,0.5003133558460543
448,Taurean Green,2007,17,74,27,52,1,1,0,0.5539889866381453,0.44601101336185467
449,Demetris Nichols,2007,18,58,22,53,1,1,0,0.558938581482189,0.44106141851781094
450,Yi Jianlian,2007,272,6038,2148,6,0,1,1,0.13452919646578498,0.865470803534215
451,Ramon Sessions,2007,613,14916,6693,56,1,1,1,0.0360309158959321,0.9639690841040679
452,Marc Gasol,2007,569,19190,8146,48,0,0,0,0.7278668703250244,0.2721331296749756
453,Javaris Crittenton,2007,113,1853,595,19,1,1,1,0.11078791627543283,0.8892120837245672
454,Sun Yue,2007,10,28,6,40,0,0,0,0.7787466044257213,0.2212533955742787
455,Reyshawn Terry,2007,0,0,0,44,1,0,1,0.5268614308919035,0.4731385691080965
456,Marcus Williams (1986),2007,13,39,14,33,1,1,1,0.34818662867831895,0.651813371321681
457,Tiago Splitter,2007,347,6736,2777,28,0,0,1,0.11414147262693286,0.8858585273730671
458,Giorgos Printezis,2007,0,0,0,58,0,0,0,0.9065860387476573,0.09341396125234265
459,Jason Smith,2007,489,8486,3179,20,1,1,1,0.004403707202191076,0.9955962927978089
460,Stanko Barac,2007,0,0,0,39,0,0,0,0.7981566863600869,0.2018433136399132
461,Brandan Wright,2007,372,6121,2648,8,1,1,1,0.004772851430753455,0.9952271485692465
462,Jared Dudley,2007,676,16404,5686,22,1,1,1,0.014058533446051014,0.985941466553949
463,Kevin Durant,2007,641,24208,17566,2,1,1,1,0.002067412287957815,0.9979325877120422
464,Carl Landry,2007,513,11524,5541,31,1,1,1,0.01078870058673509,0.9892112994132649
465,Glen Davis,2007,514,10865,4111,35,1,1,1,0.019119714646149033,0.980880285353851
466,Rudy Fernandez,2007,249,5965,2254,24,0,0,1,0.32790377825566697,0.672096221744333
467,Alando Tucker,2007,51,426,211,29,1,1,1,0.2084343149947281,0.7915656850052719
468,D.J. Strawberry,2007,33,270,73,59,1,1,0,0.5934661541506301,0.40653384584936986
469,Roy Hibbert,2008,614,15707,6390,17,1,1,1,0.012775596529942757,0.9872244034700572
470,Anthony Randolph,2008,252,3841,1789,14,1,1,1,0.016640669595827995,0.983359330404172
471,Richard Hendrix,2008,0,0,0,49,1,0,0,0.5851183484197201,0.4148816515802799
472,Kevin Love,2008,516,16889,9451,5,1,1,1,0.014920821501639536,0.9850791784983605
473,Donte Greene,2008,253,4259,1541,28,1,1,1,0.04942979884832266,0.9505702011516773
474,J.R. Giddens,2008,38,247,73,30,1,1,1,0.24967312325215807,0.7503268767478419
475,Semih Erden,2008,69,928,262,60,0,0,0,0.8402268024197704,0.15977319758022956
476,J.J. Hickson,2008,534,11925,5081,19,1,1,1,0.007657237187899679,0.9923427628121003
477,Nicolas Batum,2008,551,17276,6436,25,0,1,0,0.46258957177573856,0.5374104282242614
478,Maarty Leunen,2008,0,0,0,54,1,0,0,0.641088664370699,0.358911335629301
479,Shan Foster,2008,0,0,0,51,1,0,0,0.6078609007802331,0.3921390992197669
480,Danilo Gallinari,2008,397,12188,5908,6,0,1,1,0.13959398504462628,0.8604060149553737
481,Marreese Speights,2008,571,8679,4479,16,1,1,1,0.0004175744237008283,0.9995824255762992
482,Eric Gordon,2008,417,14148,6934,7,1,1,1,0.05779356327940188,0.9422064367205981
483,DeAndre Jordan,2008,592,16051,5122,35,1,1,1,0.11683736730215688,0.8831626326978431
484,JaVale McGee,2008,416,7977,3394,18,1,1,1,0.00883976638279027,0.9911602336172097
485,Bill Walker,2008,181,3016,1079,47,1,1,1,0.19614241603795446,0.8038575839620455
486,Patrick Ewing,2008,7,19,3,43,1,0,1,0.4865081519341202,0.5134918480658798
487,Jason Thompson,2008,588,14819,5210,12,1,1,1,0.017327763536992613,0.9826722364630074
488,Sean Singletary,2008,37,303,90,42,1,1,1,0.3815169567461256,0.6184830432538744
489,Darrell Arthur,2008,443,8165,2966,27,1,1,1,0.012544302140038766,0.9874556978599612
490,D.J. White,2008,138,2111,810,29,1,1,1,0.11886339842329474,0.8811366015767053
491,Deron Washington,2008,0,0,0,59,1,0,0,0.6934639620050729,0.3065360379949272
492,Joe Alexander,2008,67,745,282,8,1,1,1,0.08183379081688436,0.9181662091831156
493,Luc Mbah a Moute,2008,541,12601,3411,37,1,1,1,0.07217065779900456,0.9278293422009954
494,Derrick Rose,2008,406,14210,8001,1,1,1,1,0.02901032751567134,0.9709896724843287
495,Sonny Weems,2008,183,3335,1189,39,1,1,1,0.16101658042893618,0.8389834195710638
496,O.J. Mayo,2008,547,16919,7574,3,1,1,1,0.026021700146483195,0.9739782998535168
497,Nikola Pekovic,2008,271,6744,3405,31,0,0,1,0.28392887196563643,0.7160711280343636
498,Mario Chalmers,2008,580,15824,5236,34,1,1,1,0.10915578209145993,0.8908442179085401
499,Kosta Koufos,2008,502,7959,2810,23,1,1,1,0.003392511337731441,0.9966074886622686
500,Ante Tomic,2008,0,0,0,44,0,0,0,0.8335619371466996,0.1664380628533004
501,Tadija Dragicevic,2008,0,0,0,53,0,0,0,0.8845634857797798,0.11543651422022015
502,Brandon Rush,2008,434,9534,3053,13,1,1,1,0.020426936176240362,0.9795730638237596
503,Joey Dorsey,2008,130,1488,344,33,1,1,1,0.13603276126639274,0.8639672387336073
504,Omer Asik,2008,422,8552,2372,36,0,0,1,0.2010984051297927,0.7989015948702073
505,Mike Taylor,2008,51,771,289,55,1,1,0,0.5271809051868566,0.47281909481314344
506,Brook Lopez,2008,487,15896,8905,10,1,1,1,0.021044707298885856,0.9789552927011141
507,Ryan Anderson,2008,484,12592,6337,21,1,1,1,0.015434007539656514,0.9845659924603435
508,Chris Douglas-Roberts,2008,222,4381,1571,40,1,1,1,0.14766624528405947,0.8523337547159405
509,Jerryd Bayless,2008,510,10833,4360,11,1,1,1,0.00557885128884128,0.9944211487111587
510,Nathan Jawai,2008,45,431,126,41,0,1,0,0.7116098459572937,0.28839015404270635
511,Joe Crawford,2008,2,23,9,58,1,1,0,0.6780274125388182,0.32197258746118185
512,Courtney Lee,2008,600,16396,5774,22,1,1,1,0.05046051051567901,0.949539489484321
513,George Hill,2008,550,15813,6210,26,1,1,1,0.07141379720395968,0.9285862027960403
514,Goran Dragic,2008,574,15408,7148,45,0,1,1,0.18097933050818094,0.8190206694918191
515,James Gist,2008,0,0,0,57,1,0,0,0.6730154407504421,0.326984559249558
516,Michael Beasley,2008,453,11038,5883,2,1,1,1,0.004530671626988503,0.9954693283730115
517,Darnell Jackson,2008,138,1039,308,52,1,1,1,0.19511883470332114,0.8048811652966789
518,D.J. Augustin,2008,573,13852,5598,9,1,1,1,0.007410224988532832,0.9925897750114672
519,Alexis Ajinca,2008,254,3321,1346,20,0,1,1,0.07991175855597488,0.9200882414440251
520,Kyle Weaver,2008,73,1379,363,38,1,1,1,0.33747235136373077,0.6625276486362692
521,Russell Westbrook,2008,587,19984,12598,4,1,1,1,0.0056786156354979855,0.994321384364502
522,Serge Ibaka,2008,524,15099,6054,24,0,0,1,0.24373101962557453,0.7562689803744255
523,Walter Sharpe,2008,8,20,8,32,1,1,1,0.355639068175412,0.644360931824588
524,Trent Plaisted,2008,0,0,0,46,1,0,0,0.5503433078247979,0.4496566921752021
525,DeVon Hardin,2008,0,0,0,50,1,0,0,0.5965414907301783,0.40345850926982174
526,Sasha Kaun,2008,25,95,23,56,1,0,0,0.5694049578842628,0.4305950421157372
527,Robin Lopez,2008,547,12082,4644,15,1,1,1,0.00747168497482209,0.9925283150251779
528,Malik Hairston,2008,62,472,149,48,1,1,1,0.36330114183829765,0.6366988581617024
529,DeMar DeRozan,2009,521,17655,9436,9,1,1,1,0.029463513462364532,0.9705364865376355
530,Hasheem Thabeet,2009,224,2357,483,2,1,1,1,0.011651658512338736,0.9883483414876613
531,DeMarre Carroll,2009,342,7620,2698,27,1,1,1,0.058364485408677,0.941635514591323
532,Sam Young,2009,249,3966,1436,36,1,1,1,0.06516747716576565,0.9348325228342343
533,Lester Hudson,2009,57,594,268,58,1,1,0,0.504882301387716,0.49511769861228405
534,Christian Eyenga,2009,51,1049,320,30,0,0,0,0.6512007162149493,0.34879928378505065
535,Danny Green,2009,402,9955,3658,46,1,1,1,0.14246084023942596,0.857539159760574
536,Ricky Rubio,2009,278,8748,2817,5,0,0,1,0.4090706475099207,0.5909293524900793
537,Jonny Flynn,2009,163,3738,1504,6,1,1,1,0.060652930705155206,0.9393470692948448
538,Ty Lawson,2009,482,14356,6296,18,1,1,1,0.05303116531747687,0.9469688346825231
539,Wayne Ellington,2009,453,8882,3221,28,1,1,1,0.016089568469910165,0.9839104315300898
540,Nick Calathes,2009,129,2011,590,45,1,0,1,0.2650518097278187,0.7349481902721813
541,Henk Norel,2009,0,0,0,47,0,0,0,0.8523116201297547,0.14768837987024525
542,Byron Mullens,2009,189,3446,1398,24,1,1,1,0.07468025598527439,0.9253197440147256
543,Ahmad Nivins,2009,0,0,0,56,1,0,0,0.6625326356412262,0.33746736435877384
544,Jordan Hill,2009,402,7645,3220,8,1,1,1,0.006172123009334229,0.9938278769906658
545,Jrue Holiday,2009,437,14067,6162,17,1,1,1,0.0953891391806928,0.9046108608193072
546,Jermaine Taylor,2009,65,786,351,32,1,1,1,0.22096725190830224,0.7790327480916978
547,James Johnson,2009,398,7270,2594,16,1,1,1,0.010794128609675324,0.9892058713903247
548,Taj Gibson,2009,507,12668,4641,26,1,1,1,0.03943608295922085,0.9605639170407791
549,Tyreke Evans,2009,433,14445,7220,4,1,1,1,0.03998224363991487,0.9600177563600851
550,Omri Casspi,2009,463,10056,3930,23,0,1,1,0.07037283530437433,0.9296271646956257
551,Jeff Pendergraph,2009,237,2322,690,31,1,0,1,0.030318116379784765,0.9696818836202152
552,Darren Collison,2009,495,14572,6249,21,1,1,1,0.05837879828590509,0.9416212017140949
553,Austin Daye,2009,293,4132,1522,15,1,1,1,0.012354446332205948,0.987645553667794
554,DaJuan Summers,2009,83,820,278,35,1,1,1,0.20231810790948712,0.7976818920905129
555,Jonas Jerebko,2009,410,7739,2732,39,0,1,1,0.13310133919640355,0.8668986608035965
556,Chase Budinger,2009,407,7998,3198,44,1,1,1,0.039684792409107605,0.9603152075908924
557,Brandon Jennings,2009,460,14837,7151,10,0,1,1,0.1770727421063829,0.8229272578936171
558,Jodie Meeks,2009,418,10149,4123,41,1,1,1,0.07797432156536166,0.9220256784346383
559,Eric Maynor,2009,267,3896,1141,20,1,1,1,0.026320111168622984,0.973679888831377
560,Goran Suton,2009,0,0,0,50,1,0,0,0.5965414907301783,0.40345850926982174
561,Victor Claver,2009,80,1072,258,22,0,0,1,0.4446699218203706,0.5553300781796294
562,Dante Cunningham,2009,512,10736,3087,33,1,1,1,0.031079942969710395,0.9689200570302896
563,Jon Brockman,2009,150,1570,320,38,1,1,1,0.130473695175512,0.869526304824488
564,Patrick Mills,2009,361,5728,2705,55,1,1,1,0.037061137810134426,0.9629388621898656
565,Terrence Williams,2009,153,2922,1085,11,1,1,1,0.0641666463130608,0.9358333536869392
566,Tyler Hansbrough,2009,428,7233,2881,13,1,1,1,0.004426795004159434,0.9955732049958406
567,A.J. Price,2009,261,3929,1523,52,1,1,1,0.09894860634761937,0.9010513936523806
568,Stephen Curry,2009,495,17259,11089,7,1,1,1,0.011215694457461067,0.9887843055425389
569,Sergio Llull,2009,0,0,0,34,0,0,0,0.7574117831145075,0.24258821688549242
570,Blake Griffin,2009,410,14491,8801,1,1,0,1,0.02023961366205207,0.9797603863379479
571,Toney Douglas,2009,370,7117,2892,29,1,1,1,0.024035345659841556,0.9759646543401584
572,Patrick Beverley,2009,224,6232,2069,42,1,0,1,0.35566200157964445,0.6443379984203556
573,Chinemelu Elonu,2009,0,0,0,59,1,0,0,0.6934639620050729,0.3065360379949272
574,Marcus Thornton,2009,450,10724,5531,43,1,1,1,0.031798330286265775,0.9682016697137342
575,Robert Dozier,2009,0,0,0,60,1,0,0,0.7034160572015102,0.2965839427984897
576,DeJuan Blair,2009,424,7054,2865,37,1,1,1,0.01291945908662595,0.987080540913374
577,Jack McClinton,2009,0,0,0,51,1,0,0,0.6078609007802331,0.3921390992197669
578,Nando De Colo,2009,119,1414,453,53,0,0,0,0.662162607406666,0.33783739259333406
579,Jeff Teague,2009,518,13518,6291,19,1,1,1,0.01587201813753525,0.9841279818624648
580,Sergiy Gladyr,2009,0,0,0,49,0,0,0,0.863816406006126,0.136183593993874
581,Gerald Henderson,2009,463,12187,5325,12,1,1,1,0.02057104549755273,0.9794289545024473
582,Derrick Brown,2009,171,2554,895,40,1,1,1,0.14227440687759663,0.8577255931224034
583,Robert Vaden,2009,0,0,0,54,1,0,0,0.641088664370699,0.358911335629301
584,James Harden,2009,534,17741,11262,3,1,1,1,0.00596142399703381,0.9940385760029662
585,Rodrigue Beaubois,2009,182,2896,1286,25,0,1,1,0.23339489623287257,0.7666051037671274
586,Earl Clark,2009,261,3630,1138,14,1,1,1,0.01820809945923252,0.9817919005407675
587,Taylor Griffin,2009,8,32,10,48,1,1,1,0.5423103795605277,0.4576896204394723
588,Emir Preldzic,2009,0,0,0,57,0,0,0,0.9025065555875553,0.0974934444124447
589,Ed Davis,2010,435,9247,3078,13,1,1,1,0.01591512490653224,0.9840848750934678
590,Xavier Henry,2010,185,2905,1050,12,1,1,1,0.03903200950314334,0.9609679904968567
591,Dominique Jones,2010,80,741,246,25,1,1,1,0.13822513348061483,0.8617748665193852
592,Greivis Vasquez,2010,398,9481,3584,28,1,1,1,0.052693802774524956,0.947306197225475
593,Avery Bradley,2010,358,9784,4114,19,1,1,1,0.06321168603949245,0.9367883139605075
594,Luke Harangody,2010,70,871,253,52,1,1,1,0.43101049059873686,0.5689895094012631
595,Patrick Patterson,2010,412,9835,3301,14,1,1,1,0.03382915254124552,0.9661708474587545
596,Wesley Johnson,2010,429,10642,3518,4,1,1,1,0.025260813316723252,0.9747391866832767
597,Luke Babbitt,2010,263,3552,1235,16,1,1,1,0.017104797176017095,0.9828952028239829
598,Trevor Booker,2010,393,7960,2542,23,1,1,1,0.028356175104370385,0.9716438248956296
599,Paulao Prestes,2010,0,0,0,45,0,0,0,0.8400149176805469,0.15998508231945302
600,Hamady N'Diaye,2010,33,157,20,56,1,1,0,0.5458272895784231,0.45417271042157686
601,Solomon Alabi,2010,26,181,39,50,1,1,1,0.5083657008737643,0.49163429912623574
602,Andy Rautins,2010,5,24,8,38,1,1,1,0.436998116251758,0.563001883748242
603,Landry Fields,2010,255,6010,1731,39,1,1,1,0.22235059189767703,0.777649408102323
604,Evan Turner,2010,469,13390,5033,2,1,1,1,0.03438328464630491,0.9656167153536951
605,John Wall,2010,422,15195,7614,1,1,1,1,0.05743740505327721,0.9425625949467228
606,Lazar Hayward,2010,72,591,207,30,1,1,1,0.17670457648647386,0.8232954235135261
607,Nemanja Bjelica,2010,60,1075,308,35,0,0,0,0.673711315330308,0.326288684669692
608,Kevin Seraphin,2010,374,5871,2284,17,0,1,1,0.03210156368215589,0.9678984363178441
609,DeMarcus Cousins,2010,415,13105,8366,5,1,1,1,0.010296192738257215,0.9897038072617428
610,Hassan Whiteside,2010,140,3378,1633,33,1,1,1,0.19691549220946136,0.8030845077905386
611,Cole Aldrich,2010,256,2809,933,11,1,1,1,0.010592948881405051,0.989407051118595
612,Greg Monroe,2010,457,14132,6621,7,1,1,1,0.034602920050901376,0.9653970799490986
613,Terrico White,2010,0,0,0,36,1,0,1,0.4327879775919674,0.5672120224080326
614,Larry Sanders,2010,233,4622,1516,15,1,1,1,0.051472802531874695,0.9485271974681253
615,Darington Hobson,2010,5,39,4,37,1,0,1,0.4288492091600754,0.5711507908399246
616,Jerome Jordan,2010,65,491,180,44,1,0,1,0.30794440203676654,0.6920555979632335
617,Tiny Gallon,2010,0,0,0,47,1,0,0,0.5620072040702973,0.4379927959297028
618,Gordon Hayward,2010,443,13648,6476,9,1,1,1,0.03702070156789339,0.9629792984321066
619,Jeremy Evans,2010,249,2621,877,55,1,1,1,0.08023829558110085,0.9197617044188992
620,Elliot Williams,2010,109,1470,537,22,1,0,1,0.10669356724884127,0.8933064327511587
621,Armon Johnson,2010,47,401,157,34,1,1,1,0.2669401531311215,0.7330598468688785
622,Paul George,2010,373,12003,6315,10,1,1,1,0.04309471670049436,0.9569052832995056
623,Lance Stephenson,2010,340,8532,2984,40,1,1,1,0.16602016326502034,0.8339798367349797
624,Ryan Reid,2010,5,17,8,57,1,0,0,0.6545524171625445,0.3454475828374555
625,Ekpe Udoh,2010,270,4564,1072,6,1,1,1,0.022524289519775142,0.9774757104802249
626,Devin Ebanks,2010,63,711,224,43,1,1,1,0.3362136109764027,0.6637863890235973
627,Derrick Caracter,2010,41,215,81,58,1,1,0,0.5346230184467329,0.4653769815532672
628,Al-Farouq Aminu,2010,459,10747,3234,8,1,1,1,0.02307597296861441,0.9769240270313856
629,Willie Warren,2010,19,134,37,54,1,1,0,0.5780199642558375,0.4219800357441625
630,Daniel Orton,2010,51,542,143,29,1,0,1,0.2311311437759086,0.7688688562240914
631,Stanley Robinson,2010,0,0,0,59,1,0,0,0.6934639620050729,0.3065360379949272
632,Dexter Pittman,2010,50,347,116,32,1,1,1,0.236083247812104,0.763916752187896
633,Jarvis Varnado,2010,37,397,107,41,1,0,1,0.38481153513896804,0.615188464861032
634,Da'Sean Butler,2010,0,0,0,42,1,0,1,0.5032601157198302,0.4967398842801698
635,Latavious Williams,2010,0,0,0,48,0,0,0,0.8581613522972346,0.1418386477027654
636,James Anderson,2010,247,4320,1422,20,1,1,1,0.04299057153704833,0.9570094284629517
637,Ryan Richards,2010,0,0,0,49,0,0,0,0.863816406006126,0.136183593993874
638,Damion James,2010,39,623,150,24,1,1,1,0.2381229461326303,0.7618770538673697
639,Pape Sy,2010,3,21,7,53,0,1,0,0.8801234450004448,0.1198765549995552
640,Derrick Favors,2010,429,11162,5003,3,1,1,1,0.014039625023464564,0.9859603749765354
641,Jordan Crawford,2010,257,6348,3132,27,1,1,1,0.07637219036651033,0.9236278096334897
642,Tibor Pleiss,2010,12,82,24,31,0,0,0,0.6956586781197168,0.3043413218802832
643,Eric Bledsoe,2010,352,9133,4090,18,1,1,1,0.04236226601559401,0.957637733984406
644,Craig Brackins,2010,17,121,30,21,1,1,1,0.2290000460189382,0.7709999539810618
645,Quincy Pondexter,2010,279,5042,1466,26,1,1,1,0.05344842471769495,0.946551575282305
646,Magnum Rolle,2010,0,0,0,51,1,0,0,0.6078609007802331,0.3921390992197669
647,Gani Lawal,2010,1,2,0,46,1,1,0,0.5462324148013011,0.45376758519869886
648,Dwayne Collins,2010,0,0,0,60,1,0,0,0.7034160572015102,0.2965839427984897
649,JaJuan Johnson,2011,36,298,114,27,1,1,1,0.23272485597412074,0.7672751440258793
650,Jordan Williams,2011,43,635,197,36,1,1,1,0.33417792427381043,0.6658220757261896
651,Jonas Valanciunas,2011,283,7417,3201,5,0,0,1,0.15126626272471633,0.8487337372752837
652,Nolan Smith,2011,84,829,277,21,1,1,1,0.1146579727887792,0.8853420272112208
653,Jon Diebler,2011,0,0,0,51,1,0,0,0.6078609007802331,0.3921390992197669
654,Kyrie Irving,2011,309,10499,6416,1,1,1,1,0.027042386100382898,0.9729576138996171
655,Tristan Thompson,2011,388,11045,3748,4,1,1,1,0.06021700260825502,0.939782997391745
656,Justin Harper,2011,19,119,33,32,1,1,1,0.3243426140037372,0.6756573859962628
657,Milan Macvan,2011,0,0,0,54,0,0,0,0.8893016817777775,0.11069831822222251
658,Josh Selby,2011,38,296,83,49,1,1,1,0.45726602011724304,0.542733979882757
659,MarShon Brooks,2011,164,2876,1261,25,1,1,1,0.08582297099520608,0.9141770290047939
660,E'Twaun Moore,2011,307,5286,1789,55,1,1,1,0.11598267603884338,0.8840173239611566
661,Marcus Morris,2011,337,8351,3408,14,1,1,1,0.03922546441496155,0.9607745355850384
662,Nikola Mirotic,2011,148,3300,1610,23,0,0,1,0.3624294413688971,0.6375705586311029
663,Chandler Parsons,2011,340,11330,4876,38,1,1,1,0.31561194362290157,0.6843880563770984
664,Derrick Williams,2011,376,8051,3503,2,1,1,1,0.008464116748919337,0.9915358832510807
665,Donatas Motiejunas,2011,214,4074,1676,20,0,0,1,0.20552828658381173,0.7944717134161883
666,Josh Harrellson,2011,75,888,265,45,1,1,1,0.3331851806761815,0.6668148193238185
667,Jordan Hamilton,2011,151,2100,890,26,1,1,1,0.08014767756542995,0.91985232243457
668,Targuy Ngombo,2011,0,0,0,57,0,0,0,0.9025065555875553,0.0974934444124447
669,Iman Shumpert,2011,294,7524,2170,17,1,1,1,0.10727752961529002,0.89272247038471
670,Jan Vesely,2011,162,2455,590,6,0,1,1,0.16559347006542813,0.8344065299345719
671,Chris Singleton,2011,148,2605,612,18,1,1,1,0.09985014941942116,0.9001498505805788
672,Shelvin Mack,2011,275,4576,1664,34,1,1,1,0.051782013683256634,0.9482179863167434
673,Norris Cole,2011,347,7893,2463,28,1,1,1,0.07837581702188767,0.9216241829781123
674,Jimmy Butler,2011,323,10071,4392,30,1,1,1,0.18251553741110893,0.8174844625888911
675,Malcolm Lee,2011,36,534,140,43,1,1,1,0.4322664843953241,0.5677335156046759
676,Bismack Biyombo,2011,366,7764,1693,7,0,1,1,0.12964354406807088,0.8703564559319291
677,Tyler Honeycutt,2011,24,120,28,35,1,1,1,0.3365255685207341,0.6634744314792659
678,Isaiah Thomas,2011,365,10645,6238,60,1,1,1,0.17016283003525945,0.8298371699647406
679,Brandon Knight,2011,328,10799,5225,8,1,1,1,0.06884832870858348,0.9311516712914165
680,Kyle Singler,2011,312,7350,2215,33,1,0,1,0.13571231638967185,0.8642876836103282
681,Vernon Macklin,2011,23,135,46,52,1,1,0,0.5355950905634977,0.46440490943650226
682,Jimmer Fredette,2011,235,3148,1416,10,1,1,1,0.01402823817468779,0.9859717618253122
683,Jon Leuer,2011,253,3463,1429,40,1,1,1,0.050781783244731704,0.9492182167552683
684,Enes Kanter,2011,373,7946,3998,3,0,1,1,0.027773854027019595,0.9722261459729804
685,Alec Burks,2011,259,5965,2751,12,1,1,1,0.035998312713380054,0.96400168728662
686,Markieff Morris,2011,372,9427,4275,13,1,1,1,0.026337089912052192,0.9736629100879478
687,Kawhi Leonard,2011,324,9680,4620,15,1,1,1,0.0646440294094679,0.9353559705905321
688,Davis Bertans,2011,0,0,0,42,0,0,0,0.8200337464434932,0.17996625355650675
689,Klay Thompson,2011,386,12533,7112,11,1,1,1,0.03253367179135991,0.9674663282086401
690,Charles Jenkins,2011,110,1334,408,44,1,1,1,0.245041954052028,0.754958045947972
691,Kenneth Faried,2011,348,9243,4271,22,1,1,1,0.05274248589480013,0.9472575141051999
692,Darius Morris,2011,132,1464,430,41,1,1,1,0.17075274748713498,0.829247252512865
693,Andrew Goudelock,2011,49,475,197,46,1,1,1,0.389771333182256,0.610228666817744
694,Chukwudiebere Maduabum,2011,0,0,0,56,0,0,0,0.8982689086270376,0.10173109137296243
695,Ater Majok,2011,0,0,0,58,0,0,0,0.9065860387476573,0.09341396125234265
696,Trey Thompkins,2011,24,119,57,37,1,1,1,0.3535132916935888,0.6464867083064112
697,Travis Leslie,2011,10,45,14,47,1,1,0,0.5233671802421769,0.4766328197578231
698,DeAndre Liggins,2011,57,406,93,53,1,1,1,0.438093607934933,0.561906392065067
699,Bojan Bogdanovic,2011,157,3969,1587,31,0,0,0,0.5443008436922263,0.4556991563077737
700,Cory Joseph,2011,284,5080,1739,29,1,1,1,0.048866437341063995,0.951133562658936
701,Adam Hanga,2011,0,0,0,59,0,0,0,0.9105117472274842,0.08948825277251579
702,Kemba Walker,2011,364,12269,6307,9,1,1,1,0.058673457000243956,0.941326542999756
703,Tobias Harris,2011,302,8510,3984,19,1,1,1,0.07081738877236354,0.9291826112276365
704,Jeremy Tyler,2011,104,1034,373,39,0,1,0,0.5107987658551096,0.4892012341448903
705,Keith Benson,2011,3,9,0,48,1,1,0,0.5619478910467846,0.4380521089532155
706,Nikola Vucevic,2011,324,9749,4711,16,1,1,1,0.06722590016224594,0.9327740998377541
707,Lavoy Allen,2011,327,6034,1670,50,1,1,1,0.12128830533173407,0.8787116946682659
708,Reggie Jackson,2011,351,8463,4167,24,1,1,1,0.03294127855165563,0.9670587214483444
709,Ilkan Karaman,2012,0,0,0,57,0,0,0,0.9025065555875553,0.0974934444124447
710,Draymond Green,2012,321,8156,2790,35,1,1,1,0.15842258161839295,0.841577418381607
711,Harrison Barnes,2012,307,8622,3087,7,1,1,1,0.07095947193888785,0.9290405280611121
712,Festus Ezeli,2012,170,2394,712,30,1,1,1,0.09478930445345846,0.9052106955465415
713,Ognjen Kuzmic,2012,37,164,35,52,0,0,0,0.8055866289708873,0.19441337102911277
714,Terrence Ross,2012,309,7237,2873,8,1,1,1,0.029712393784641966,0.970287606215358
715,Quincy Acy,2012,219,3352,992,37,1,1,1,0.0945891503917008,0.9054108496082992
716,Tomislav Zubcic,2012,0,0,0,56,0,0,0,0.8982689086270376,0.10173109137296243
717,Dion Waiters,2012,289,8188,3709,4,1,1,1,0.0423622524442151,0.9576377475557849
718,Jared Cunningham,2012,84,605,197,24,1,1,1,0.11682857219506959,0.8831714278049304
719,Bernard James,2012,92,761,203,33,1,1,1,0.16426802824230113,0.8357319717576989
720,Jae Crowder,2012,311,6562,2414,34,1,1,1,0.0746402158548568,0.9253597841451432
721,Tony Wroten,2012,145,3076,1604,25,1,1,1,0.11033013766225763,0.8896698623377424
722,Jared Sullinger,2012,258,6414,2856,21,1,1,1,0.07128403865241129,0.9287159613475887
723,Fab Melo,2012,6,36,7,22,1,1,1,0.26547284784854475,0.7345271521514553
724,Kris Joseph,2012,10,54,9,51,1,1,0,0.5726457918265233,0.42735420817347675
725,John Jenkins,2012,141,1837,727,23,1,1,1,0.07598937250465809,0.9240106274953419
726,Mike Scott,2012,263,4127,1943,43,1,1,1,0.058005419849766926,0.9419945801502331
727,Jeremy Lamb,2012,214,3545,1611,12,1,1,1,0.026657442303636203,0.9733425576963638
728,Royce White,2012,3,9,0,16,1,0,1,0.2204464250859115,0.7795535749140885
729,Terrence Jones,2012,178,4287,1845,18,1,1,1,0.09602268951081216,0.9039773104891878
730,Robbie Hummel,2012,98,1397,379,58,1,0,1,0.45531250727643546,0.5446874927235645
731,Anthony Davis,2012,260,8823,5398,1,1,1,1,0.03462038889281682,0.9653796111071832
732,Austin Rivers,2012,273,5784,2030,10,1,1,1,0.035114949504062354,0.9648850504959376
733,Darius Miller,2012,102,1460,320,46,1,1,1,0.3245916526894056,0.6754083473105944
734,Tyler Zeller,2012,289,5523,2206,17,1,1,1,0.026976252238297915,0.9730237477617021
735,Darius Johnson-Odom,2012,7,21,0,55,1,1,0,0.6263346990345948,0.3736653009654052
736,Miles Plumlee,2012,228,4083,1267,26,1,1,1,0.07193569411362133,0.9280643058863787
737,Bradley Beal,2012,247,8090,3949,3,1,1,1,0.06706698510128017,0.9329330148987198
738,Tomas Satoransky,2012,0,0,0,32,0,0,0,0.7396274308873814,0.2603725691126187
739,Marquis Teague,2012,88,835,206,29,1,1,1,0.15597582957265965,0.8440241704273403
740,Thomas Robinson,2012,265,3644,1287,5,1,1,1,0.010252369233231029,0.989747630766769
741,Orlando Johnson,2012,103,1112,329,36,1,1,1,0.18302223026909692,0.8169777697309031
742,Kostas Papanikolaou,2012,69,1089,249,48,0,0,0,0.7728766904868762,0.22712330951312376
743,Andre Drummond,2012,304,9030,4015,9,1,1,1,0.06272906957362501,0.937270930426375
744,Khris Middleton,2012,267,8165,3644,39,1,1,1,0.26087045050228685,0.7391295494977131
745,Kim English,2012,41,407,119,44,1,1,1,0.401324021891202,0.598675978108798
746,John Henson,2012,257,4871,2026,14,1,1,1,0.028423195210053875,0.9715768047899461
747,Doron Lamb,2012,100,1272,345,42,1,1,1,0.2600622610762847,0.7399377389237153
748,Kevin Murphy,2012,17,52,15,47,1,1,1,0.4928356169487639,0.5071643830512361
749,Kendall Marshall,2012,160,3083,802,13,1,1,1,0.0825773651514321,0.9174226348485679
750,Evan Fournier,2012,251,6158,2751,20,0,1,1,0.24730876574364447,0.7526912342563555
751,Quincy Miller,2012,69,934,295,38,1,1,1,0.28910592036212035,0.7108940796378797
752,Izzet Turkyilmaz,2012,0,0,0,50,0,0,0,0.8692803388414942,0.1307196611585057
753,Robert Sacre,2012,189,2745,787,60,1,1,1,0.27642578823218056,0.7235742117678194
754,Damian Lillard,2012,321,11705,6856,6,1,1,1,0.05111866853499636,0.9488813314650036
755,Meyers Leonard,2012,225,3741,1313,11,1,1,1,0.029215555467793308,0.9707844445322067
756,Will Barton,2012,254,4617,2036,40,1,1,1,0.07944920769203401,0.920550792307966
757,Tyshawn Taylor,2012,61,491,174,41,1,1,1,0.294185317336323,0.705814682663677
758,Arnett Moultrie,2012,59,729,210,27,1,1,1,0.20734644510536715,0.7926535548946329
759,Marcus Denmon,2012,0,0,0,59,1,0,0,0.6934639620050729,0.3065360379949272
760,Jeff Taylor,2012,132,2566,807,31,1,0,1,0.19013124162044814,0.8098687583795519
761,Michael Kidd-Gilchrist,2012,202,5319,1839,2,1,1,1,0.0667103941861209,0.9332896058138791
762,Andrew Nicholson,2012,247,3738,1600,19,1,1,1,0.023887459360741436,0.9761125406392586
763,Kyle O'Quinn,2012,242,3414,1264,49,1,1,1,0.09662099828861026,0.9033790017113897
764,Maurice Harkless,2012,279,6055,1873,15,1,1,1,0.05326931445050842,0.9467306855494916
765,Justin Hamilton,2012,49,784,245,45,1,0,1,0.4281691121130321,0.5718308878869679
766,Tornike Shengelia,2012,45,247,59,54,0,1,0,0.8052314361657447,0.19476856383425528
767,Perry Jones,2012,143,1675,488,28,1,1,1,0.09368961432390321,0.9063103856760968
768,Furkan Aldemir,2012,41,540,93,53,0,0,0,0.8385508486889799,0.16144915131102014
769,Mason Plumlee,2013,234,5102,1986,22,1,1,1,0.07351312042626745,0.9264868795737325
770,Anthony Bennett,2013,128,1641,543,1,1,1,1,0.03440490642235661,0.9655950935776434
771,Sergey Karasev,2013,95,1110,287,19,0,1,1,0.34855566141350613,0.6514443385864939
772,Allen Crabbe,2013,147,2888,1033,31,1,1,1,0.16536082184632872,0.8346391781536713
773,Carrick Felix,2013,7,38,19,33,1,1,1,0.3723392727297111,0.6276607272702889
774,Lucas Nogueira,2013,35,248,71,16,0,0,1,0.44968613241662747,0.5503138675833725
775,Dennis Schroder,2013,206,3778,1830,17,0,1,1,0.15785205697939098,0.842147943020609
776,Shane Larkin,2013,202,4105,1168,18,1,1,1,0.08442304026056968,0.9155769597394303
777,Raul Neto,2013,81,1499,476,47,0,0,0,0.7556336020343026,0.24436639796569734
778,James Ennis,2013,84,1380,471,50,1,0,1,0.407255834751169,0.592744165248831
779,Isaiah Canaan,2013,146,3156,1379,34,1,1,1,0.18619903610658461,0.8138009638934154
780,Nerlens Noel,2013,142,4276,1491,6,1,0,1,0.12582051532349225,0.8741794846765077
781,Shabazz Muhammad,2013,157,2838,1518,14,1,1,1,0.049632505654492065,0.9503674943455079
782,Gorgui Dieng,2013,215,5231,1823,21,1,1,1,0.1157331935247401,0.8842668064752599
783,Erick Green,2013,52,452,159,46,1,0,1,0.3784840643631513,0.6215159356368487
784,Reggie Bullock,2013,116,1162,306,25,1,1,1,0.09988862438673651,0.9001113756132635
785,Kelly Olynyk,2013,203,4218,1950,13,1,1,1,0.04513621494376263,0.9548637850562374
786,Mike Muscala,2013,120,1282,468,44,1,1,1,0.20023662022178024,0.7997633797782198
787,Solomon Hill,2013,169,3473,1022,23,1,1,1,0.12562224517733644,0.8743777548226636
788,Colton Iverson,2013,0,0,0,53,1,0,0,0.6301448044500939,0.36985519554990604
789,Otto Porter,2013,186,4027,1394,3,1,1,1,0.047117769904228224,0.9528822300957718
790,Nate Wolters,2013,79,1556,459,38,1,1,1,0.3297997717283916,0.6702002282716084
791,Arsalan Kazemi,2013,0,0,0,54,1,0,0,0.641088664370699,0.358911335629301
792,Trey Burke,2013,210,5916,2547,9,1,1,1,0.07958873523454202,0.920411264765458
793,Andre Roberson,2013,177,3238,640,26,1,1,1,0.13247363664704004,0.86752636335296
794,Lorenzo Brown,2013,63,834,206,52,1,1,1,0.4627940691061926,0.5372059308938074
795,Bojan Dubljevic,2013,0,0,0,59,0,0,0,0.9105117472274842,0.08948825277251579
796,Tony Snell,2013,213,3944,1119,20,1,1,1,0.07038802231148511,0.9296119776885149
797,Erik Murphy,2013,24,62,6,49,1,1,0,0.4880902558628366,0.5119097441371634
798,Tim Hardaway,2013,202,4420,1954,24,1,1,1,0.08614535711197246,0.9138546428880275
799,Jamaal Franklin,2013,24,174,42,41,1,1,1,0.4102708505314836,0.5897291494685164
800,Joffrey Lauvergne,2013,83,1309,558,55,0,0,0,0.7811718356943855,0.2188281643056145
801,Janis Timma,2013,0,0,0,60,0,0,0,0.9142880759197585,0.08571192408024152
802,Kentavious Caldwell-Pope,2013,238,6959,2618,8,1,1,1,0.0954672832258876,0.9045327167741124
803,Tony Mitchell,2013,21,79,22,37,1,1,1,0.3641242364120275,0.6358757635879725
804,Peyton Siva,2013,24,224,54,56,1,1,0,0.593059145752045,0.406940854247955
805,Giannis Antetokounmpo,2013,238,7261,2905,15,0,1,1,0.40940612492638473,0.5905938750736153
806,Ricky Ledo,2013,28,277,109,43,1,1,1,0.42439284682680645,0.5756071531731936
807,Ryan Kelly,2013,147,3015,956,48,1,1,1,0.3387433205687691,0.6612566794312309
808,C.J. McCollum,2013,180,4229,2291,10,1,1,1,0.04804470620157719,0.9519552937984228
809,Jeff Withey,2013,146,1601,505,39,1,1,1,0.133355662416333,0.866644337583667
810,Grant Jerrett,2013,8,51,16,40,1,0,1,0.4507455272813081,0.5492544727186919
811,Marko Todorovic,2013,0,0,0,45,0,0,0,0.8400149176805469,0.15998508231945302
812,Ray McCallum,2013,154,2808,920,36,1,1,1,0.1826418398411147,0.8173581601588853
813,Ben McLemore,2013,232,6300,2247,7,1,1,1,0.07907623941498787,0.9209237605850121
814,Livio Jean-Charles,2013,0,0,0,28,0,0,0,0.7016182566822826,0.2983817433177174
815,Deshaun Thomas,2013,0,0,0,58,1,0,0,0.683328258187254,0.3166717418127461
816,Cody Zeller,2013,217,4677,1600,4,1,1,1,0.04088979067185927,0.9591102093281407
817,Victor Oladipo,2013,224,7439,3551,2,1,1,1,0.07534679685562029,0.9246532031443797
818,Romero Osby,2013,0,0,0,51,1,0,0,0.6078609007802331,0.3921390992197669
819,Alex Len,2013,189,3701,1221,5,1,1,1,0.042861374599641455,0.9571386254003585
820,Nemanja Nedovic,2013,24,142,26,30,0,1,0,0.6471638043883658,0.3528361956116341
821,Alex Oriakhi,2013,0,0,0,57,1,0,0,0.6730154407504421,0.326984559249558
822,Glen Rice,2013,16,152,43,35,1,1,1,0.37312724146170406,0.6268727585382959
823,Michael Carter-Williams,2013,190,6212,2756,11,1,1,1,0.1303814544980606,0.8696185455019394
824,Pierre Jackson,2013,0,0,0,42,1,0,0,0.5032601157198302,0.4967398842801698
825,Steven Adams,2013,231,4982,1438,12,1,1,1,0.06336262126914172,0.9366373787308583
826,Archie Goodwin,2013,150,2182,930,29,1,1,1,0.09594005592483468,0.9040599440751653
827,Alex Abrines,2013,0,0,0,32,0,0,0,0.7396274308873814,0.2603725691126187
828,Rudy Gobert,2013,188,4524,1347,27,0,1,1,0.5014180527179197,0.4985819472820803
829,Jordan Adams,2014,32,263,101,22,1,1,1,0.2017731089798671,0.7982268910201329
830,Marcus Smart,2014,128,3475,1081,6,1,1,1,0.11543706238749296,0.884562937612507
831,James Young,2014,60,531,134,17,1,1,1,0.1262148279794012,0.8737851720205988
832,Adreian Payne,2014,84,1225,345,15,1,1,1,0.11230233323250327,0.8876976667674967
833,Walter Tavares,2014,11,73,25,43,0,0,0,0.8028736609098985,0.19712633909010144
834,Clint Capela,2014,89,1561,574,25,0,1,1,0.4822733822763232,0.5177266177236768
835,Nick Johnson,2014,28,262,74,42,1,1,1,0.4155363850410001,0.5844636149589999
836,Andrew Wiggins,2014,163,5814,3062,1,1,1,1,0.08459130567124085,0.9154086943287592
837,Joe Harris,2014,56,508,139,33,1,1,1,0.2446991571815309,0.7553008428184691
838,Noah Vonleh,2014,103,1433,366,9,1,1,1,0.07246490583334075,0.9275350941666592
839,Shabazz Napier,2014,106,1612,464,24,1,1,1,0.13937673960046437,0.8606232603995356
840,Dwight Powell,2014,98,1228,489,45,1,1,1,0.27022121369234164,0.7297787863076584
841,Dante Exum,2014,82,1817,393,5,0,1,1,0.35962451840673226,0.6403754815932677
842,Rodney Hood,2014,129,3605,1582,23,1,1,1,0.1866243583190672,0.8133756416809328
843,Jarnell Stokes,2014,26,144,64,35,1,1,1,0.3274556922647135,0.6725443077352865
844,C.J. Wilcox,2014,44,268,111,28,1,1,1,0.21217379534215308,0.7878262046578469
845,Jordan Clarkson,2014,138,4028,1928,46,1,1,1,0.39042744076987534,0.6095725592301247
846,Zach LaVine,2014,159,4196,1928,13,1,1,1,0.09475862107717892,0.9052413789228211
847,Glenn Robinson III,2014,80,769,244,40,1,1,1,0.2500121484103265,0.7499878515896735
848,Markel Brown,2014,109,1763,579,44,1,1,1,0.2916054831475967,0.7083945168524033
849,Alessandro Gentile,2014,0,0,0,53,0,0,0,0.8845634857797798,0.11543651422022015
850,Jusuf Nurkic,2014,94,1650,689,16,0,1,1,0.3561221525828855,0.6438778474171145
851,Gary Harris,2014,131,3158,1120,19,1,1,1,0.14874651883215728,0.8512534811678427
852,Cameron Bairstow,2014,36,167,44,49,1,1,1,0.447929130372098,0.552070869627902
853,Spencer Dinwiddie,2014,46,614,203,38,1,1,1,0.338681200353245,0.661318799646755
854,Jabari Parker,2014,101,3146,1378,2,1,1,1,0.10173186846706628,0.8982681315329337
855,Damien Inglis,2014,20,156,36,31,0,0,0,0.6749616430752414,0.3250383569247585
856,Johnny O'Bryant III,2014,100,1225,300,36,1,0,1,0.20810085489206342,0.7918991451079366
857,Lamar Patterson,2014,35,395,84,48,1,0,0,0.47777801190004876,0.5222219880999512
858,Louis Labeyrie,2014,0,0,0,57,0,0,0,0.9025065555875553,0.0974934444124447
859,Bruno Caboclo,2014,14,66,13,20,0,1,0,0.5659680190245568,0.4340319809754432
860,DeAndre Daniels,2014,0,0,0,37,1,0,0,0.4444228743834301,0.5555771256165699
861,Xavier Thames,2014,0,0,0,59,1,0,0,0.6934639620050729,0.3065360379949272
862,Julius Randle,2014,82,2300,921,7,1,1,1,0.12416539431630691,0.8758346056836931
863,P.J. Hairston,2014,111,2000,664,26,1,1,1,0.161498728025408,0.838501271974592
864,Semaj Christon,2014,0,0,0,55,1,0,0,0.651887591063804,0.34811240893619594
865,Nik Stauskas,2014,146,2936,936,8,1,1,1,0.06986836298132859,0.9301316370186714
866,Cleanthony Early,2014,56,801,241,34,1,1,1,0.2848657943160239,0.7151342056839761
867,Thanasis Antetokounmpo,2014,2,6,6,51,0,0,0,0.8706098856198945,0.1293901143801055
868,Kyle Anderson,2014,111,1603,424,30,1,1,1,0.16673940032756362,0.8332605996724364
869,Jordan McRae,2014,22,195,99,58,1,0,0,0.6121522046244334,0.38784779537556663
870,Cory Jefferson,2014,58,581,205,60,1,1,0,0.5315214254315462,0.46847857456845377
871,Aaron Gordon,2014,125,2660,962,4,1,1,1,0.06753323398281608,0.9324667660171839
872,Dario Saric,2014,0,0,0,12,0,0,0,0.5247165356363728,0.47528346436362723
873,T.J. Warren,2014,87,1684,760,14,1,1,1,0.11078768091376756,0.8892123190862324
874,Tyler Ennis,2014,79,1065,327,18,1,1,1,0.12497138571415634,0.8750286142858437
875,Bogdan Bogdanovic,2014,0,0,0,27,0,0,0,0.6916322812558161,0.3083677187441839
876,Alec Brown,2014,0,0,0,50,1,0,0,0.5965414907301783,0.40345850926982174
877,Joel Embiid,2014,0,0,0,3,1,0,1,0.1382528663368905,0.8617471336631095
878,Elfrid Payton,2014,155,4634,1509,10,1,1,1,0.1515934484513558,0.8484065515486442
879,K.J. McDaniels,2014,99,1587,576,32,1,1,1,0.19680948185605807,0.8031905181439419
880,Jerami Grant,2014,142,3443,1160,39,1,1,1,0.30876257666437146,0.6912374233356285
881,Russ Smith,2014,27,131,53,47,1,1,0,0.4566779243297159,0.5433220756702841
882,Vasilije Micic,2014,0,0,0,52,0,0,0,0.8796499280131047,0.1203500719868953
883,Nemanja Dangubic,2014,0,0,0,54,0,0,0,0.8893016817777775,0.11069831822222251
884,Mitch McGary,2014,52,557,227,21,1,1,1,0.16241706809610656,0.8375829319038934
885,Josh Huestis,2014,5,55,14,29,1,0,1,0.34102859044024214,0.6589714095597579
886,Doug McDermott,2014,117,2182,873,11,1,1,1,0.07878859404244865,0.9212114059575514
887,Nikola Jokic,2014,80,1733,796,41,0,0,0,0.6980728991213194,0.3019271008786806
888,Roy Devyn Marble,2014,44,457,97,56,1,0,0,0.54118615998766,0.45881384001234005
